row_number,run_id,status,final_validation_passed,iterations_used,validity,invalid_reason,_batch
0,20261006_172747_5988eccd,ok,True,1,valid_pass,,oneshot_cloudformation_20261006_172747/results.csv
1,20261006_172952_907e6343,ok,False,1,invalid_environment,deploy_error_message: AlreadyExists,oneshot_cloudformation_20261006_172747/results.csv
2,20261006_173548_6eca3165,ok,False,1,valid_fail,,oneshot_cloudformation_20261006_172747/results.csv
3,20261006_173845_1da9bae4,ok,False,1,valid_fail,,oneshot_cloudformation_20261006_172747/results.csv
4,20261006_173948_b2973852,ok,True,1,valid_pass,,oneshot_cloudformation_20261006_172747/results.csv
5,20261006_174119_b3424363,ok,True,1,valid_pass,,oneshot_cloudformation_20261006_172747/results.csv
6,20261006_174404_844f7b1c,ok,False,1,invalid_environment,"deploy_error_message: Resource handler returned message: ""null""",oneshot_cloudformation_20261006_172747/results.csv
7,20261006_174737_f2a68590,ok,False,1,valid_fail,,oneshot_cloudformation_20261006_172747/results.csv
8,20261006_174804_6734cff8,ok,False,1,valid_fail,,oneshot_cloudformation_20261006_172747/results.csv
9,20261006_174842_6d8c73ed,ok,True,1,valid_pass,,oneshot_cloudformation_20261006_172747/results.csv
10,20261006_174954_3a514607,ok,False,1,valid_fail,,oneshot_cloudformation_20261006_172747/results.csv
11,20261006_175029_f7c30c80,ok,True,1,valid_pass,,oneshot_cloudformation_20261006_172747/results.csv
12,20261006_175130_0b3b23af,ok,False,1,valid_fail,,oneshot_cloudformation_20261006_172747/results.csv
13,20261006_175223_1e8864f9,ok,False,1,invalid_environment,deploy_error_message: already exists,oneshot_cloudformation_20261006_172747/results.csv
14,20261006_175523_09c7ab19,ok,True,1,valid_pass,,oneshot_cloudformation_20261006_172747/results.csv
15,20261006_175614_cf536b40,ok,True,1,valid_pass,,oneshot_cloudformation_20261006_172747/results.csv
16,20261006_175905_e48fbbb2,ok,True,1,valid_pass,,oneshot_cloudformation_20261006_172747/results.csv
17,20261006_180036_d316d687,ok,True,1,valid_pass,,oneshot_cloudformation_20261006_172747/results.csv
18,20261006_180230_c0e22352,ok,True,1,valid_pass,,oneshot_cloudformation_20261006_172747/results.csv
19,20261006_180414_c7faabe2,ok,False,1,valid_fail,,oneshot_cloudformation_20261006_172747/results.csv
20,20261006_180645_f7250423,ok,True,1,valid_pass,,oneshot_cloudformation_20261006_172747/results.csv
21,20261006_180739_08657dd0,ok,True,1,valid_pass,,oneshot_cloudformation_20261006_172747/results.csv
22,20261006_180952_cce6c983,ok,True,1,valid_pass,,oneshot_cloudformation_20261006_172747/results.csv
23,20261006_181401_6fc38e5d,ok,True,1,valid_pass,,oneshot_cloudformation_20261006_172747/results.csv
24,20261006_181536_0c10d3db,ok,True,1,valid_pass,,oneshot_cloudformation_20261006_172747/results.csv
25,20261006_181809_5359e8f3,ok,True,1,valid_pass,,oneshot_cloudformation_20261006_172747/results.csv
26,20261006_181922_7ea63cbf,ok,True,1,valid_pass,,oneshot_cloudformation_20261006_172747/results.csv
27,20261006_182345_9050d9a9,ok,False,1,valid_fail,,oneshot_cloudformation_20261006_172747/results.csv
28,20261006_182429_1db6e661,ok,True,1,valid_pass,,oneshot_cloudformation_20261006_172747/results.csv
29,20261006_182629_1635f9cc,ok,True,1,valid_pass,,oneshot_cloudformation_20261006_172747/results.csv
30,20261006_182756_a96cb558,ok,True,1,valid_pass,,oneshot_cloudformation_20261006_172747/results.csv
32,20261006_182943_5fcbe9e4,ok,True,1,valid_pass,,oneshot_cloudformation_20261006_172747/results.csv
33,20261006_183048_7fca94f3,ok,True,1,valid_pass,,oneshot_cloudformation_20261006_172747/results.csv
34,20261006_183248_61c50b40,ok,True,1,valid_pass,,oneshot_cloudformation_20261006_172747/results.csv
35,20261006_183640_80657416,ok,True,1,valid_pass,,oneshot_cloudformation_20261006_172747/results.csv
36,20261006_184008_fc8ca6f2,ok,False,1,valid_fail,,oneshot_cloudformation_20261006_172747/results.csv
37,20261006_184041_2308ef18,ok,True,1,valid_pass,,oneshot_cloudformation_20261006_172747/results.csv
38,20261006_184324_813a72fa,ok,True,1,valid_pass,,oneshot_cloudformation_20261006_172747/results.csv
39,20261006_184731_a0e2d0a5,ok,False,1,valid_fail,,oneshot_cloudformation_20261006_172747/results.csv
40,20261006_184805_354bcab1,ok,False,1,valid_fail,,oneshot_cloudformation_20261006_172747/results.csv
41,20261006_184850_744eb090,ok,True,1,valid_pass,,oneshot_cloudformation_20261006_172747/results.csv
42,20261006_185112_dc4b463c,ok,True,1,valid_pass,,oneshot_cloudformation_20261006_172747/results.csv
43,20261006_185300_d90beb47,ok,True,1,valid_pass,,oneshot_cloudformation_20261006_172747/results.csv
44,20261006_185440_9f378ba3,ok,True,1,valid_pass,,oneshot_cloudformation_20261006_172747/results.csv
45,20261006_185743_015e7b94,ok,True,1,valid_pass,,oneshot_cloudformation_20261006_172747/results.csv
46,20261006_185935_f86cdcae,ok,False,1,valid_fail,,oneshot_cloudformation_20261006_172747/results.csv
47,20261006_190029_a2f764fd,ok,False,1,valid_fail,,oneshot_cloudformation_20261006_172747/results.csv
48,20261006_190216_e06818b2,ok,True,1,valid_pass,,oneshot_cloudformation_20261006_172747/results.csv
49,20261006_190416_dba433a1,ok,False,1,valid_fail,,oneshot_cloudformation_20261006_172747/results.csv
50,20261006_190534_9b06160d,ok,False,1,valid_fail,,oneshot_cloudformation_20261006_172747/results.csv
51,20261006_190754_c89d73dc,ok,True,1,valid_pass,,oneshot_cloudformation_20261006_172747/results.csv
52,20261006_191012_5944acd7,ok,True,1,valid_pass,,oneshot_cloudformation_20261006_172747/results.csv
53,20261006_191340_d0fba82c,ok,True,1,valid_pass,,oneshot_cloudformation_20261006_172747/results.csv
54,20261006_191813_5e5ca071,ok,True,1,valid_pass,,oneshot_cloudformation_20261006_172747/results.csv
55,20261006_192020_e24f0acc,ok,True,1,valid_pass,,oneshot_cloudformation_20261006_172747/results.csv
56,20261006_192237_353c5c5e,ok,False,1,invalid_environment,deploy_error_message: already exists,oneshot_cloudformation_20261006_172747/results.csv
58,20261006_192710_22fb8981,ok,False,1,valid_fail,,oneshot_cloudformation_20261006_172747/results.csv
59,20261006_192914_2a2a19d6,ok,False,1,valid_fail,,oneshot_cloudformation_20261006_172747/results.csv
61,20261006_193049_638cf9ec,ok,True,1,valid_pass,,oneshot_cloudformation_20261006_172747/results.csv
62,20261006_193522_385715ed,ok,True,1,valid_pass,,oneshot_cloudformation_20261006_172747/results.csv
63,20261006_193911_35b3d866,ok,True,1,valid_pass,,oneshot_cloudformation_20261006_172747/results.csv
64,20261006_194335_06f9b2fb,ok,False,1,valid_fail,,oneshot_cloudformation_20261006_172747/results.csv
65,20261006_194406_161d44b3,ok,True,1,valid_pass,,oneshot_cloudformation_20261006_172747/results.csv
66,20261006_194544_b6f08262,ok,True,1,valid_pass,,oneshot_cloudformation_20261006_172747/results.csv
67,20261006_194708_021ba879,ok,True,1,valid_pass,,oneshot_cloudformation_20261006_172747/results.csv
68,20261006_194838_e41a8d3f,ok,True,1,valid_pass,,oneshot_cloudformation_20261006_172747/results.csv
69,20261006_195400_b7ac94c6,ok,False,1,valid_fail,,oneshot_cloudformation_20261006_172747/results.csv
70,20261006_195537_25ef9742,ok,True,1,valid_pass,,oneshot_cloudformation_20261006_172747/results.csv
71,20261006_200019_4fb26b2d,ok,True,1,valid_pass,,oneshot_cloudformation_20261006_172747/results.csv
72,20261006_200710_80c273a2,ok,True,1,valid_pass,,oneshot_cloudformation_20261006_172747/results.csv
73,20261006_201058_d3e3fa74,ok,True,1,valid_pass,,oneshot_cloudformation_20261006_172747/results.csv
74,20261006_201337_a32b3cc0,ok,False,1,invalid_environment,deploy_error_message: already exists,oneshot_cloudformation_20261006_172747/results.csv
75,20261006_202005_253fe8d5,ok,True,1,valid_pass,,oneshot_cloudformation_20261006_172747/results.csv
76,20261006_202310_2e6a212d,ok,False,1,valid_fail,,oneshot_cloudformation_20261006_172747/results.csv
77,20261006_202342_8dabe3f4,ok,False,1,valid_fail,,oneshot_cloudformation_20261006_172747/results.csv
78,20261006_202437_6d5f55ea,ok,False,1,valid_fail,,oneshot_cloudformation_20261006_172747/results.csv
79,20261006_203018_adede970,ok,False,1,valid_fail,,oneshot_cloudformation_20261006_172747/results.csv
80,20261006_203516_0b73797a,ok,False,1,valid_fail,,oneshot_cloudformation_20261006_172747/results.csv
81,20261006_203632_91dc0203,ok,True,1,valid_pass,,oneshot_cloudformation_20261006_172747/results.csv
82,20261006_204118_93c8b1d2,ok,True,1,valid_pass,,oneshot_cloudformation_20261006_172747/results.csv
83,20261006_204352_2d485aa6,ok,True,1,valid_pass,,oneshot_cloudformation_20261006_172747/results.csv
84,20261006_205028_187cd87a,ok,False,1,valid_fail,,oneshot_cloudformation_20261006_172747/results.csv
85,20261006_205203_55e74a7a,ok,False,1,valid_fail,,oneshot_cloudformation_20261006_172747/results.csv
86,20261006_205730_1f69aebc,ok,False,1,valid_fail,,oneshot_cloudformation_20261006_172747/results.csv
87,20261006_205943_63be99ea,ok,True,1,valid_pass,,oneshot_cloudformation_20261006_172747/results.csv
88,20261006_210735_78617482,ok,False,1,valid_fail,,oneshot_cloudformation_20261006_172747/results.csv
89,20261006_210821_e843d767,ok,False,1,valid_fail,,oneshot_cloudformation_20261006_172747/results.csv
90,20261006_210930_c391c6e6,ok,False,1,valid_fail,,oneshot_cloudformation_20261006_172747/results.csv
91,20261006_211027_3edfb042,ok,False,1,valid_fail,,oneshot_cloudformation_20261006_172747/results.csv
92,20261006_211126_e2e91821,ok,False,1,valid_fail,,oneshot_cloudformation_20261006_172747/results.csv
93,20261006_211224_c293f8e6,ok,True,1,valid_pass,,oneshot_cloudformation_20261006_172747/results.csv
94,20261006_211401_dc270866,ok,True,1,valid_pass,,oneshot_cloudformation_20261006_172747/results.csv
95,20261006_211540_f7012890,ok,False,1,valid_fail,,oneshot_cloudformation_20261006_172747/results.csv
96,20261006_211711_3b4c2332,ok,False,1,valid_fail,,oneshot_cloudformation_20261006_172747/results.csv
97,20261006_212123_5831e63a,ok,False,1,valid_fail,,oneshot_cloudformation_20261006_172747/results.csv
98,20261006_212207_cb1fbc2d,ok,False,1,valid_fail,,oneshot_cloudformation_20261006_172747/results.csv
99,20261006_212245_c914739c,ok,False,1,valid_fail,,oneshot_cloudformation_20261006_172747/results.csv
100,20261006_212356_8f04b551,ok,True,1,valid_pass,,oneshot_cloudformation_20261006_172747/results.csv
101,20261006_212537_e9f6cf61,ok,True,1,valid_pass,,oneshot_cloudformation_20261006_172747/results.csv
102,20261006_212648_820996a3,ok,False,1,valid_fail,,oneshot_cloudformation_20261006_172747/results.csv
103,20261006_212743_201849af,ok,False,1,invalid_environment,deploy_error_message: Stalled in CREATE_IN_PROGRESS,oneshot_cloudformation_20261006_172747/results.csv
104,20261006_215129_8d0ad7dc,ok,False,1,valid_fail,,oneshot_cloudformation_20261006_172747/results.csv
105,20261006_215617_dbcd561e,ok,False,1,valid_fail,,oneshot_cloudformation_20261006_172747/results.csv
106,20261006_215701_60cc428a,ok,True,1,valid_pass,,oneshot_cloudformation_20261006_172747/results.csv
107,20261006_215909_f090711b,ok,False,1,valid_fail,,oneshot_cloudformation_20261006_172747/results.csv
108,20261006_215950_6a7ab4ec,ok,True,1,valid_pass,,oneshot_cloudformation_20261006_172747/results.csv
109,20261006_220327_728b7987,ok,True,1,valid_pass,,oneshot_cloudformation_20261006_172747/results.csv
110,20261006_220615_989a41d2,ok,True,1,valid_pass,,oneshot_cloudformation_20261006_172747/results.csv
111,20261006_221050_7978b340,ok,True,1,valid_pass,,oneshot_cloudformation_20261006_172747/results.csv
112,20261006_221329_289ef3da,ok,True,1,valid_pass,,oneshot_cloudformation_20261006_172747/results.csv
113,20261006_221443_e078ec48,ok,False,1,valid_fail,,oneshot_cloudformation_20261006_172747/results.csv
114,20261006_221536_48c4f8fa,ok,False,1,valid_fail,,oneshot_cloudformation_20261006_172747/results.csv
117,20261006_221638_e23cbddf,ok,False,1,valid_fail,,oneshot_cloudformation_20261006_172747/results.csv
119,20261006_221715_426a2f50,ok,False,1,valid_fail,,oneshot_cloudformation_20261006_172747/results.csv
120,20261006_221814_d0e26b8e,ok,True,1,valid_pass,,oneshot_cloudformation_20261006_172747/results.csv
121,20261006_222639_8b14064c,ok,False,1,valid_fail,,oneshot_cloudformation_20261006_172747/results.csv
123,20261006_222727_ae16fa52,ok,False,1,valid_fail,,oneshot_cloudformation_20261006_172747/results.csv
124,20261006_222827_94a0b03a,ok,True,1,valid_pass,,oneshot_cloudformation_20261006_172747/results.csv
125,20261006_223508_783bf7af,ok,False,1,valid_fail,,oneshot_cloudformation_20261006_172747/results.csv
126,20261006_224049_ae2898bd,ok,True,1,valid_pass,,oneshot_cloudformation_20261006_172747/results.csv
127,20261006_224315_ad7361f0,ok,False,1,valid_fail,,oneshot_cloudformation_20261006_172747/results.csv
128,20261006_224914_709e8874,ok,True,1,valid_pass,,oneshot_cloudformation_20261006_172747/results.csv
129,20261006_225116_bdd7fe72,ok,True,1,valid_pass,,oneshot_cloudformation_20261006_172747/results.csv
130,20261006_225417_441b68f7,ok,False,1,valid_fail,,oneshot_cloudformation_20261006_172747/results.csv
131,20261006_225709_6d1fc642,ok,False,1,valid_fail,,oneshot_cloudformation_20261006_172747/results.csv
132,20261006_230128_86734a73,ok,True,1,valid_pass,,oneshot_cloudformation_20261006_172747/results.csv
133,20261006_230654_d1027ffa,ok,True,1,valid_pass,,oneshot_cloudformation_20261006_172747/results.csv
134,20261006_231028_79f5be3f,ok,True,1,valid_pass,,oneshot_cloudformation_20261006_172747/results.csv
135,20261006_231309_51b07456,ok,True,1,valid_pass,,oneshot_cloudformation_20261006_172747/results.csv
136,20261006_231729_96a9ee47,ok,False,1,valid_fail,,oneshot_cloudformation_20261006_172747/results.csv
137,20261006_231837_c8be4356,ok,True,1,valid_pass,,oneshot_cloudformation_20261006_172747/results.csv
138,20261006_232045_3e9a5415,ok,False,1,valid_fail,,oneshot_cloudformation_20261006_172747/results.csv
139,20261006_232222_4408c8db,ok,True,1,valid_pass,,oneshot_cloudformation_20261006_172747/results.csv
141,20261006_232646_37514f2d,ok,False,1,valid_fail,,oneshot_cloudformation_20261006_172747/results.csv
142,20261006_232912_e62c5a9d,ok,True,1,valid_pass,,oneshot_cloudformation_20261006_172747/results.csv
143,20261006_233812_3b7aabf6,ok,False,1,valid_fail,,oneshot_cloudformation_20261006_172747/results.csv
144,20261006_234005_a023245c,ok,True,1,valid_pass,,oneshot_cloudformation_20261006_172747/results.csv
145,20261006_234241_8de08c48,ok,False,1,valid_fail,,oneshot_cloudformation_20261006_172747/results.csv
146,20261006_234443_b5c493fc,ok,False,1,valid_fail,,oneshot_cloudformation_20261006_172747/results.csv
147,20261006_234603_e0901645,ok,True,1,valid_pass,,oneshot_cloudformation_20261006_172747/results.csv
149,20261006_234848_eb4c2a8a,ok,False,1,valid_fail,,oneshot_cloudformation_20261006_172747/results.csv
150,20261006_235112_abca20a3,ok,False,1,valid_fail,,oneshot_cloudformation_20261006_172747/results.csv
151,20261006_235542_9156d1d1,ok,False,1,valid_fail,,oneshot_cloudformation_20261006_172747/results.csv
152,20261007_000030_56aba07f,ok,False,1,valid_fail,,oneshot_cloudformation_20261006_172747/results.csv
153,20261007_000435_56fd379e,ok,True,1,valid_pass,,oneshot_cloudformation_20261006_172747/results.csv
154,20261007_000843_b0dad570,ok,True,1,valid_pass,,oneshot_cloudformation_20261006_172747/results.csv
155,20261007_001232_84d11903,ok,False,1,valid_fail,,oneshot_cloudformation_20261006_172747/results.csv
156,20261007_001319_7e94b639,ok,True,1,valid_pass,,oneshot_cloudformation_20261006_172747/results.csv
157,20261007_001608_b00e75e3,ok,False,1,valid_fail,,oneshot_cloudformation_20261006_172747/results.csv
158,20261007_001659_1b710de9,ok,False,1,valid_fail,,oneshot_cloudformation_20261006_172747/results.csv
159,20261007_002245_45a6b868,ok,True,1,valid_pass,,oneshot_cloudformation_20261006_172747/results.csv
160,20261007_002737_cd84789d,ok,False,1,valid_fail,,oneshot_cloudformation_20261006_172747/results.csv
161,20261007_002816_fc2df5ef,ok,False,1,valid_fail,,oneshot_cloudformation_20261006_172747/results.csv
162,20261007_002916_c4c2ceda,ok,True,1,valid_pass,,oneshot_cloudformation_20261006_172747/results.csv
163,20261007_003648_d09a8fe2,ok,True,1,valid_pass,,oneshot_cloudformation_20261006_172747/results.csv
165,20261007_004422_bf5e6a79,ok,True,1,valid_pass,,oneshot_cloudformation_20261006_172747/results.csv
166,20261007_005402_e389a505,ok,False,1,valid_fail,,oneshot_cloudformation_20261006_172747/results.csv
168,20261007_010011_bb2c8304,ok,True,1,valid_pass,,oneshot_cloudformation_20261006_172747/results.csv
169,20261007_010447_643b4d39,ok,True,1,valid_pass,,oneshot_cloudformation_20261006_172747/results.csv
170,20261007_011610_d9270672,ok,True,1,valid_pass,,oneshot_cloudformation_20261006_172747/results.csv
171,20261007_012007_a5651cc8,ok,False,1,valid_fail,,oneshot_cloudformation_20261006_172747/results.csv
172,20261007_012153_9399c08d,ok,False,1,valid_fail,,oneshot_cloudformation_20261006_172747/results.csv
174,20261007_012518_d75e20d2,ok,False,1,valid_fail,,oneshot_cloudformation_20261006_172747/results.csv
175,20261007_012943_b1ecb5d8,ok,False,1,valid_fail,,oneshot_cloudformation_20261006_172747/results.csv
176,20261007_013730_c6934f17,ok,False,1,valid_fail,,oneshot_cloudformation_20261006_172747/results.csv
177,20261007_013845_69d642b3,ok,True,1,valid_pass,,oneshot_cloudformation_20261006_172747/results.csv
178,20261007_014123_086b9835,ok,False,1,valid_fail,,oneshot_cloudformation_20261006_172747/results.csv
179,20261007_014230_3df38bf7,ok,False,1,valid_fail,,oneshot_cloudformation_20261006_172747/results.csv
180,20261007_014510_ad184aba,ok,True,1,valid_pass,,oneshot_cloudformation_20261006_172747/results.csv
181,20261007_015145_0ce97ba0,ok,False,1,valid_fail,,oneshot_cloudformation_20261006_172747/results.csv
182,20261007_015259_e94c070d,ok,True,1,valid_pass,,oneshot_cloudformation_20261006_172747/results.csv
183,20261007_015434_79ce44d8,ok,False,1,valid_fail,,oneshot_cloudformation_20261006_172747/results.csv
184,20261007_015534_eca8b14b,ok,True,1,valid_pass,,oneshot_cloudformation_20261006_172747/results.csv
185,20261007_015851_130688ef,ok,True,1,valid_pass,,oneshot_cloudformation_20261006_172747/results.csv
186,20261007_020308_683a60b2,ok,True,1,valid_pass,,oneshot_cloudformation_20261006_172747/results.csv
187,20261007_020757_cc5b015b,ok,False,1,valid_fail,,oneshot_cloudformation_20261006_172747/results.csv
189,20261007_021454_be3a8786,ok,False,1,valid_fail,,oneshot_cloudformation_20261006_172747/results.csv
191,20261007_022040_01393a70,ok,False,1,valid_fail,,oneshot_cloudformation_20261006_172747/results.csv
192,20261007_022534_eb4dcdf6,ok,True,1,valid_pass,,oneshot_cloudformation_20261006_172747/results.csv
193,20261007_022707_5c315b5b,ok,True,1,valid_pass,,oneshot_cloudformation_20261006_172747/results.csv
194,20261007_022911_bafcb692,ok,False,1,valid_fail,,oneshot_cloudformation_20261006_172747/results.csv
196,20261007_023039_fb79e944,ok,False,1,valid_fail,,oneshot_cloudformation_20261006_172747/results.csv
197,20261007_023145_13ec3cec,ok,False,1,valid_fail,,oneshot_cloudformation_20261006_172747/results.csv
198,20261007_023315_f5e04ca8,ok,True,1,valid_pass,,oneshot_cloudformation_20261006_172747/results.csv
199,20261007_024206_bc59c181,ok,False,1,valid_fail,,oneshot_cloudformation_20261006_172747/results.csv
200,20261007_024305_755c102e,ok,False,1,valid_fail,,oneshot_cloudformation_20261006_172747/results.csv
201,20261007_024436_70185488,ok,False,1,valid_fail,,oneshot_cloudformation_20261006_172747/results.csv
202,20261007_024544_29677c1e,ok,False,1,valid_fail,,oneshot_cloudformation_20261006_172747/results.csv
203,20261007_025000_2a46c3d5,ok,False,1,valid_fail,,oneshot_cloudformation_20261006_172747/results.csv
204,20261007_025235_4d9041e4,ok,True,1,valid_pass,,oneshot_cloudformation_20261006_172747/results.csv
205,20261007_025956_23ed0188,ok,False,1,valid_fail,,oneshot_cloudformation_20261006_172747/results.csv
206,20261007_030058_b153928b,ok,True,1,valid_pass,,oneshot_cloudformation_20261006_172747/results.csv
207,20261007_030702_0449d734,ok,True,1,valid_pass,,oneshot_cloudformation_20261006_172747/results.csv
208,20261007_031159_bc8ea56d,ok,True,1,valid_pass,,oneshot_cloudformation_20261006_172747/results.csv
209,20261007_031618_f788a5e4,ok,True,1,valid_pass,,oneshot_cloudformation_20261006_172747/results.csv
210,20261007_031913_194a4b0b,ok,False,1,valid_fail,,oneshot_cloudformation_20261006_172747/results.csv
211,20261007_031956_c659d108,ok,False,1,valid_fail,,oneshot_cloudformation_20261006_172747/results.csv
212,20261007_032050_3fcf54a0,ok,True,1,valid_pass,,oneshot_cloudformation_20261006_172747/results.csv
213,20261007_032212_3221a808,ok,False,1,valid_fail,,oneshot_cloudformation_20261006_172747/results.csv
215,20261007_032312_ed82878b,ok,False,1,valid_fail,,oneshot_cloudformation_20261006_172747/results.csv
216,20261007_032429_4b333f39,ok,True,1,valid_pass,,oneshot_cloudformation_20261006_172747/results.csv
217,20261007_032524_cb9280af,ok,False,1,valid_fail,,oneshot_cloudformation_20261006_172747/results.csv
218,20261007_032620_c034f68d,ok,True,1,valid_pass,,oneshot_cloudformation_20261006_172747/results.csv
219,20261007_032810_6743565c,ok,False,1,valid_fail,,oneshot_cloudformation_20261006_172747/results.csv
220,20261007_032850_c71a0806,ok,False,1,valid_fail,,oneshot_cloudformation_20261006_172747/results.csv
221,20261007_032932_189c702d,ok,True,1,valid_pass,,oneshot_cloudformation_20261006_172747/results.csv
222,20261007_033043_c7d25dd1,ok,False,1,valid_fail,,oneshot_cloudformation_20261006_172747/results.csv
223,20261007_033249_d221fc24,ok,True,1,valid_pass,,oneshot_cloudformation_20261006_172747/results.csv
224,20261007_033342_ad7aab16,ok,True,1,valid_pass,,oneshot_cloudformation_20261006_172747/results.csv
225,20261007_033503_1af187f0,ok,True,1,valid_pass,,oneshot_cloudformation_20261006_172747/results.csv
226,20261007_033847_e0fca8a9,ok,False,1,valid_fail,,oneshot_cloudformation_20261006_172747/results.csv
227,20261007_033932_6f14bd97,ok,False,1,valid_fail,,oneshot_cloudformation_20261006_172747/results.csv
228,20261007_034018_eb9a9b21,ok,True,1,valid_pass,,oneshot_cloudformation_20261006_172747/results.csv
229,20261007_034220_385268fc,ok,True,1,valid_pass,,oneshot_cloudformation_20261006_172747/results.csv
230,20261007_034438_63a00692,ok,False,1,valid_fail,,oneshot_cloudformation_20261006_172747/results.csv
231,20261007_034617_15a53225,ok,False,1,valid_fail,,oneshot_cloudformation_20261006_172747/results.csv
232,20261007_034726_0f73cea1,ok,False,1,valid_fail,,oneshot_cloudformation_20261006_172747/results.csv
233,20261007_034825_22ed34ea,ok,True,1,valid_pass,,oneshot_cloudformation_20261006_172747/results.csv
234,20261007_034930_1464c7cc,ok,True,1,valid_pass,,oneshot_cloudformation_20261006_172747/results.csv
235,20261007_035030_e3da0388,ok,True,1,valid_pass,,oneshot_cloudformation_20261006_172747/results.csv
236,20261007_035116_9a5b9517,ok,True,1,valid_pass,,oneshot_cloudformation_20261006_172747/results.csv
237,20261007_035237_25a7dcc0,ok,False,1,valid_fail,,oneshot_cloudformation_20261006_172747/results.csv
238,20261007_035319_897ef950,ok,True,1,valid_pass,,oneshot_cloudformation_20261006_172747/results.csv
239,20261007_035509_4b22fe1e,ok,True,1,valid_pass,,oneshot_cloudformation_20261006_172747/results.csv
240,20261007_035635_fec5232b,ok,True,1,valid_pass,,oneshot_cloudformation_20261006_172747/results.csv
241,20261007_035826_38c3cb1f,ok,False,1,valid_fail,,oneshot_cloudformation_20261006_172747/results.csv
242,20261007_035955_4ceca5b3,ok,False,1,valid_fail,,oneshot_cloudformation_20261006_172747/results.csv
243,20261007_040029_cc479b9a,ok,True,1,valid_pass,,oneshot_cloudformation_20261006_172747/results.csv
244,20261007_040504_88584136,ok,True,1,valid_pass,,oneshot_cloudformation_20261006_172747/results.csv
245,20261007_040709_5f1f1799,ok,False,1,valid_fail,,oneshot_cloudformation_20261006_172747/results.csv
246,20261007_040738_87ada442,ok,False,1,valid_fail,,oneshot_cloudformation_20261006_172747/results.csv
247,20261007_040833_5684b8a7,ok,False,1,valid_fail,,oneshot_cloudformation_20261006_172747/results.csv
248,20261007_040940_828b8a80,ok,True,1,valid_pass,,oneshot_cloudformation_20261006_172747/results.csv
249,20261007_041110_ebec4b09,ok,True,1,valid_pass,,oneshot_cloudformation_20261006_172747/results.csv
250,20261007_041605_d69a344f,ok,True,1,valid_pass,,oneshot_cloudformation_20261006_172747/results.csv
251,20261007_041824_6087bede,ok,False,1,valid_fail,,oneshot_cloudformation_20261006_172747/results.csv
252,20261007_041932_5d110ee5,ok,False,1,valid_fail,,oneshot_cloudformation_20261006_172747/results.csv
253,20261007_042117_0433ac1b,ok,False,1,valid_fail,,oneshot_cloudformation_20261006_172747/results.csv
254,20261007_042226_e10c246d,ok,False,1,valid_fail,,oneshot_cloudformation_20261006_172747/results.csv
256,20261007_042315_916e77f8,ok,True,1,valid_pass,,oneshot_cloudformation_20261006_172747/results.csv
257,20261007_042552_422c17b1,ok,False,1,valid_fail,,oneshot_cloudformation_20261006_172747/results.csv
258,20261007_042719_85eb6326,ok,True,1,valid_pass,,oneshot_cloudformation_20261006_172747/results.csv
259,20261007_043006_5573d876,ok,False,1,valid_fail,,oneshot_cloudformation_20261006_172747/results.csv
260,20261007_043104_bdb29375,ok,True,1,valid_pass,,oneshot_cloudformation_20261006_172747/results.csv
262,20261007_043314_f8e4b30c,ok,False,1,valid_fail,,oneshot_cloudformation_20261006_172747/results.csv
263,20261007_043406_7f995530,ok,False,1,valid_fail,,oneshot_cloudformation_20261006_172747/results.csv
264,20261007_043820_4be74c9f,ok,True,1,valid_pass,,oneshot_cloudformation_20261006_172747/results.csv
265,20261007_044119_51d5b7a7,ok,False,1,valid_fail,,oneshot_cloudformation_20261006_172747/results.csv
266,20261007_044246_366a1d8c,ok,False,1,valid_fail,,oneshot_cloudformation_20261006_172747/results.csv
268,20261007_044341_ffdcecf0,ok,False,1,valid_fail,,oneshot_cloudformation_20261006_172747/results.csv
