experiment,dataset,expected,rows_with_attempt,valid,valid_pass,valid_fail,invalid,missing,fulfilled,pass_rate_over_valid,pass_rate_over_expected,attempts,extra_rows_outside_dataset,organizer
CFN_RealAWS_DSV4F,cfn_eval_benchmark_real_aws.csv,250,250,247,239,8,3,0,False,0.9676,0.956,252,0,CFNEvalRealAWS_DeepseekV4Flash_sec_runs
CFN_RealAWS_GLM53F,cfn_eval_benchmark_real_aws.csv,250,250,247,228,19,3,0,False,0.9231,0.912,250,0,CFNEvalRealAWS_GLM53Flash_sec_runs
CFN_RealAWS_Gemini38F,cfn_eval_benchmark_real_aws.csv,250,250,250,248,2,0,0,True,0.992,0.992,250,0,CFNEvalRealAWS_Gemini38Flash_runs
CFN_RealAWS_OpenCode_DSV4F,cfn_eval_benchmark_real_aws.csv,250,250,248,228,20,2,0,False,0.9194,0.912,295,0,OpencodeDSV4F_CFNEvalRealAWS_Full_runs
CFN_RealAWS_Opus55,cfn_eval_benchmark_real_aws.csv,250,250,250,247,3,0,0,True,0.988,0.988,335,0,CFNEvalRealAWS_Opus55_runs
CFN_RealAWS_Gemini36F_L345,cfn_eval_benchmark_real_aws_diff345.csv,150,137,137,136,1,0,13,False,0.9927,0.9067,150,13,Gemini36Flash_CFNEvalRealAWS_runs
CFN_RealAWS_DSV4F_DeployOnly_L345,cfn_eval_benchmark_real_aws_diff345.csv,150,134,132,124,8,2,16,False,0.9394,0.8267,147,13,CFNEvalRealAWS_DeepseekV4Flash_deployability_runs
CFN_DPIaCEval_o3mini_DeployOnly,iac_with_difficulty_levels.csv,153,153,151,138,13,2,0,False,0.9139,0.902,160,0,DPIaCEval_O3Mini_deployability_runs
TF_RealAWS_DSV4F,tf_eval_benchmark_real_aws.csv,250,250,250,246,4,0,0,True,0.984,0.984,251,0,TFEvalRealAWS_DeepseekV4Flash_sec_runs
TF_RealAWS_GLM53F,tf_eval_benchmark_real_aws.csv,250,250,228,226,2,22,0,False,0.9912,0.904,272,0,TFEvalRealAWS_GLM53Flash_sec_runs
TF_RealAWS_Gemini38F,tf_eval_benchmark_real_aws.csv,250,250,249,249,0,1,0,False,1.0,0.996,250,0,TFEvalRealAWS_Gemini38Flash_runs
TF_RealAWS_OpenCode_DSV4F,tf_eval_benchmark_real_aws.csv,250,250,246,242,4,4,0,False,0.9837,0.968,421,0,TFEvalRealAWS_OpencodeDSV4F_runs
TF_RealAWS_Opus55,tf_eval_benchmark_real_aws.csv,250,250,250,250,0,0,0,True,1.0,1.0,264,0,TFEvalRealAWS_Opus55_runs
TF_IaCEval_DSV4F_LintOnly,iac_eval_benchmark.csv,372,372,367,367,0,5,0,False,1.0,0.9866,373,0,IaCEval_DeepseekV4Flash_lint_runs
CFN_RealAWS_OneShot_DSV4F,cfn_eval_benchmark_real_aws.csv,250,250,244,97,147,6,0,False,0.3975,0.388,250,0,OneShot_DSV4F_CFNEvalRealAWS_runs
TF_RealAWS_OneShot_DSV4F,tf_eval_benchmark_real_aws.csv,250,250,246,111,135,4,0,False,0.4512,0.444,250,0,OneShot_DSV4F_TFEvalRealAWS_runs
CFN_RealAWS_OneShot_Gemini38F,cfn_eval_benchmark_real_aws.csv,250,250,244,126,118,6,0,False,0.5164,0.504,250,0,OneShot_Gemini38F_CFNEvalRealAWS_runs
TF_RealAWS_OneShot_Gemini38F,tf_eval_benchmark_real_aws.csv,250,250,157,55,102,93,0,False,0.3503,0.22,250,0,OneShot_Gemini38F_TFEvalRealAWS_runs
CFN_RealAWS_OneShot_GLM53F,cfn_eval_benchmark_real_aws.csv,250,250,246,68,178,4,0,False,0.2764,0.272,250,0,OneShot_GLM53F_CFNEvalRealAWS_runs
TF_RealAWS_OneShot_GLM53F,tf_eval_benchmark_real_aws.csv,250,250,249,74,175,1,0,False,0.2972,0.296,250,0,OneShot_GLM53F_TFEvalRealAWS_runs
CFN_RealAWS_ZeroShot_Opus55,cfn_eval_benchmark_real_aws.csv,250,250,247,159,88,3,0,False,0.6437,0.636,256,0,ZeroShotMAS1_Opus55_CFNEvalRealAWS_runs
TF_RealAWS_Gemini38F_FirstAttempt,tf_eval_benchmark_real_aws.csv,250,69,69,47,22,0,181,False,0.6812,0.188,69,0,FirstAttempt_Gemini38F_TFEvalRealAWS_runs
CFN_Ablation_IaCGOD,cfn_eval_benchmark_ablation.csv,50,50,50,49,1,0,0,True,0.98,0.98,50,0,Ablation_IaCGOD_CFN_runs
CFN_Ablation_NoDenseRAG,cfn_eval_benchmark_ablation.csv,50,50,50,49,1,0,0,True,0.98,0.98,50,0,Ablation_NoDenseRAG_CFN_runs
CFN_Ablation_OpenCodeRetriever,cfn_eval_benchmark_ablation.csv,50,50,47,45,2,3,0,False,0.9574,0.9,50,0,Ablation_OpenCodeRetriever_CFN_runs
CFN_Ablation_NoGraphRAG,cfn_eval_benchmark_ablation.csv,50,50,50,50,0,0,0,True,1.0,1.0,50,0,Ablation_NoGraphRAG_CFN_runs
CFN_Ablation_NoPlanner,cfn_eval_benchmark_ablation.csv,50,50,49,48,1,1,0,False,0.9796,0.96,50,0,Ablation_NoPlanner_CFN_runs
CFN_Ablation_TrivyAllSeverities,cfn_eval_benchmark_ablation.csv,50,50,50,49,1,0,0,True,0.98,0.98,50,0,Ablation_TrivyAllSeverities_CFN_runs
TF_Ablation_IaCGOD,tf_eval_benchmark_ablation.csv,50,50,50,50,0,0,0,True,1.0,1.0,52,0,Ablation_IaCGOD_TF_runs
TF_Ablation_NoDenseRAG,tf_eval_benchmark_ablation.csv,50,49,47,47,0,2,1,False,1.0,0.94,56,0,Ablation_NoDenseRAG_TF_runs
TF_Ablation_OpenCodeRetriever,tf_eval_benchmark_ablation.csv,50,50,46,44,2,4,0,False,0.9565,0.88,50,0,Ablation_OpenCodeRetriever_TF_runs
TF_Ablation_NoGraphRAG,tf_eval_benchmark_ablation.csv,50,50,48,48,0,2,0,False,1.0,0.96,50,0,Ablation_NoGraphRAG_TF_runs
TF_Ablation_NoPlanner,tf_eval_benchmark_ablation.csv,50,50,50,49,1,0,0,True,0.98,0.98,50,0,Ablation_NoPlanner_TF_runs
TF_Ablation_TrivyAllSeverities,tf_eval_benchmark_ablation.csv,50,50,50,49,1,0,0,True,0.98,0.98,50,0,Ablation_TrivyAllSeverities_TF_runs
CFN_Ablation_NoRemediator,cfn_eval_benchmark_ablation.csv,50,50,50,48,2,0,0,True,0.96,0.96,50,0,Ablation_NoRemediator_CFN_runs
CFN_Ablation_NoQueryRewrite,cfn_eval_benchmark_ablation.csv,50,50,50,49,1,0,0,True,0.98,0.98,50,0,Ablation_NoQueryRewrite_CFN_runs
TF_Ablation_NoRemediator,tf_eval_benchmark_ablation.csv,50,50,49,49,0,1,0,False,1.0,0.98,50,0,Ablation_NoRemediator_TF_runs
TF_Ablation_NoQueryRewrite,tf_eval_benchmark_ablation.csv,50,50,49,49,0,1,0,False,1.0,0.98,50,0,Ablation_NoQueryRewrite_TF_runs
