exp,1,2,3,4,5,6
CFN_Ablation_IaCGOD,1.67,2.57,3.3,2.85,3.5,
CFN_Ablation_NoDenseRAG,1.67,1.43,2.7,2.54,3.12,
CFN_Ablation_NoGraphRAG,1.67,1.86,2.1,1.77,2.76,
CFN_Ablation_NoPlanner,1.67,1.57,1.67,1.62,2.25,
CFN_Ablation_NoQueryRewrite,1.33,2.0,2.8,2.0,3.56,
CFN_Ablation_NoRemediator,1.67,1.86,2.1,2.54,2.13,
CFN_Ablation_OpenCodeRetriever,1.67,2.29,2.89,3.15,3.0,
CFN_Ablation_TrivyAllSeverities,4.33,1.86,2.6,2.38,3.88,
CFN_DPIaCEval_o3mini_DeployOnly,2.31,2.32,3.0,4.53,3.69,
CFN_RealAWS_DSV4F,1.98,2.83,4.65,4.11,4.16,
CFN_RealAWS_DSV4F_DeployOnly_L345,,,3.71,3.6,3.15,
CFN_RealAWS_GLM53F,2.29,2.73,3.5,4.22,4.72,
CFN_RealAWS_Gemini36F_L345,,,2.3,2.71,2.44,
CFN_RealAWS_Gemini38F,1.39,1.82,1.72,2.8,2.24,
CFN_RealAWS_OpenCode_DSV4F,1.6,2.36,2.96,3.38,3.7,
CFN_RealAWS_Opus55,2.94,2.16,2.0,,,
TF_Ablation_IaCGOD,2.33,1.71,3.0,2.92,3.47,
TF_Ablation_NoDenseRAG,7.0,4.14,2.89,3.67,3.75,
TF_Ablation_NoGraphRAG,3.33,1.71,2.7,2.15,2.0,
TF_Ablation_NoPlanner,3.33,1.29,1.7,1.46,1.62,
TF_Ablation_NoQueryRewrite,2.0,1.57,1.8,2.15,2.25,
TF_Ablation_NoRemediator,2.67,1.57,2.9,2.23,2.06,
TF_Ablation_OpenCodeRetriever,1.67,2.0,1.6,2.0,2.4,
TF_Ablation_TrivyAllSeverities,4.0,2.86,3.2,4.38,4.0,
TF_IaCEval_DSV4F_LintOnly,3.14,3.74,3.5,3.18,3.24,3.57
TF_RealAWS_DSV4F,1.96,2.08,2.08,3.31,5.26,
TF_RealAWS_GLM53F,2.88,3.11,3.3,4.19,5.58,
TF_RealAWS_Gemini38F,3.36,2.84,3.38,2.78,3.53,
TF_RealAWS_OpenCode_DSV4F,1.5,1.38,1.32,1.6,2.15,
TF_RealAWS_Opus55,2.55,1.8,1.17,1.16,2.03,
