exp,cls,runs_affected,resolved_%,mean_latency,median_latency,in_1_turn_%,mean_iters_failing,share_of_runs_%
CFN_Ablation_IaCGOD,deploy,15,100.0,2.4,1.0,66.67,2.07,30.0
CFN_Ablation_IaCGOD,schema,31,100.0,1.42,1.0,80.65,1.58,62.0
CFN_Ablation_IaCGOD,security,19,100.0,1.05,1.0,94.74,1.74,38.0
CFN_Ablation_IaCGOD,syntax,7,100.0,1.0,1.0,100.0,1.0,14.0
CFN_Ablation_NoDenseRAG,deploy,14,100.0,2.07,1.0,64.29,1.71,28.0
CFN_Ablation_NoDenseRAG,schema,28,100.0,1.14,1.0,85.71,1.29,56.0
CFN_Ablation_NoDenseRAG,security,17,100.0,1.06,1.0,94.12,1.76,34.0
CFN_Ablation_NoDenseRAG,syntax,2,100.0,1.5,1.5,50.0,1.5,4.0
CFN_Ablation_NoGraphRAG,deploy,4,100.0,3.0,1.5,50.0,2.25,8.0
CFN_Ablation_NoGraphRAG,schema,26,100.0,1.23,1.0,84.62,1.38,52.0
CFN_Ablation_NoGraphRAG,security,14,100.0,1.0,1.0,100.0,1.0,28.0
CFN_Ablation_NoGraphRAG,syntax,2,100.0,1.5,1.5,50.0,1.5,4.0
CFN_Ablation_NoPlanner,deploy,5,80.0,2.25,1.5,40.0,4.4,10.0
CFN_Ablation_NoPlanner,schema,19,100.0,1.11,1.0,89.47,1.42,38.0
CFN_Ablation_NoPlanner,security,12,100.0,1.0,1.0,100.0,1.75,24.0
CFN_Ablation_OpenCodeRetriever,deploy,19,100.0,2.37,2.0,36.84,2.47,38.0
CFN_Ablation_OpenCodeRetriever,schema,24,95.83,1.48,1.0,70.83,1.54,48.0
CFN_Ablation_OpenCodeRetriever,security,12,100.0,1.83,1.0,83.33,2.17,24.0
CFN_Ablation_OpenCodeRetriever,syntax,8,100.0,1.25,1.0,75.0,1.25,16.0
CFN_Ablation_TrivyAllSeverities,deploy,10,100.0,2.4,1.5,50.0,2.1,20.0
CFN_Ablation_TrivyAllSeverities,schema,27,100.0,1.26,1.0,74.07,1.48,54.0
CFN_Ablation_TrivyAllSeverities,security,34,100.0,1.26,1.0,76.47,1.47,68.0
CFN_Ablation_TrivyAllSeverities,syntax,2,100.0,1.0,1.0,100.0,1.0,4.0
CFN_DPIaCEval_o3mini_DeployOnly,deploy,78,83.33,2.8,2.0,37.18,3.97,51.0
CFN_DPIaCEval_o3mini_DeployOnly,schema,71,98.59,1.41,1.0,71.83,2.03,46.4
CFN_DPIaCEval_o3mini_DeployOnly,security,1,100.0,1.0,1.0,100.0,1.0,0.7
CFN_DPIaCEval_o3mini_DeployOnly,syntax,61,96.72,1.19,1.0,86.89,1.8,39.9
CFN_RealAWS_DSV4F,deploy,116,91.38,3.08,2.0,36.21,3.66,46.4
CFN_RealAWS_DSV4F,schema,151,100.0,1.37,1.0,72.85,1.6,60.4
CFN_RealAWS_DSV4F,security,72,100.0,1.14,1.0,88.89,1.33,28.8
CFN_RealAWS_DSV4F,syntax,48,100.0,1.29,1.0,81.25,1.4,19.2
CFN_RealAWS_DSV4F_DeployOnly_L345,deploy,72,86.11,3.39,2.0,27.78,4.19,53.7
CFN_RealAWS_DSV4F_DeployOnly_L345,schema,81,100.0,1.58,1.0,67.9,1.88,60.4
CFN_RealAWS_DSV4F_DeployOnly_L345,syntax,26,100.0,1.46,1.0,73.08,1.81,19.4
CFN_RealAWS_GLM53F,deploy,117,82.91,3.16,2.0,29.91,4.27,46.8
CFN_RealAWS_GLM53F,schema,164,98.78,1.46,1.0,70.12,1.96,65.6
CFN_RealAWS_GLM53F,security,61,98.36,1.07,1.0,91.8,1.23,24.4
CFN_RealAWS_GLM53F,syntax,45,95.56,1.07,1.0,88.89,1.11,18.0
CFN_RealAWS_Gemini36F_L345,deploy,50,98.0,2.31,1.0,50.0,2.32,36.5
CFN_RealAWS_Gemini36F_L345,schema,46,100.0,1.09,1.0,91.3,1.15,33.6
CFN_RealAWS_Gemini36F_L345,security,42,100.0,1.12,1.0,88.1,1.12,30.7
CFN_RealAWS_Gemini36F_L345,syntax,6,100.0,1.0,1.0,100.0,1.0,4.4
CFN_RealAWS_Gemini38F,deploy,65,96.92,2.08,1.0,56.92,2.15,26.0
CFN_RealAWS_Gemini38F,schema,55,100.0,1.27,1.0,80.0,1.36,22.0
CFN_RealAWS_Gemini38F,security,59,100.0,1.02,1.0,98.31,1.05,23.6
CFN_RealAWS_Gemini38F,syntax,13,100.0,1.0,1.0,100.0,1.0,5.2
CFN_RealAWS_OpenCode_DSV4F,deploy,96,70.83,2.32,2.0,33.33,2.89,38.4
CFN_RealAWS_OpenCode_DSV4F,schema,115,98.26,1.34,1.0,73.91,1.77,46.0
CFN_RealAWS_OpenCode_DSV4F,security,59,100.0,1.19,1.0,83.05,1.49,23.6
CFN_RealAWS_OpenCode_DSV4F,syntax,26,100.0,1.23,1.0,80.77,1.42,10.4
CFN_RealAWS_Opus55,deploy,29,100.0,3.03,2.0,37.93,2.9,39.2
CFN_RealAWS_Opus55,schema,17,100.0,1.06,1.0,94.12,1.06,23.0
CFN_RealAWS_Opus55,security,8,100.0,1.12,1.0,87.5,1.25,10.8
CFN_RealAWS_Opus55,syntax,8,100.0,1.0,1.0,100.0,1.0,10.8
TF_Ablation_IaCGOD,deploy,9,100.0,2.89,2.0,33.33,2.22,18.0
TF_Ablation_IaCGOD,security,13,100.0,1.0,1.0,100.0,1.0,26.0
TF_Ablation_IaCGOD,syntax,28,100.0,2.07,2.0,42.86,2.25,56.0
TF_Ablation_NoDenseRAG,deploy,14,92.86,2.46,1.0,50.0,2.07,28.6
TF_Ablation_NoDenseRAG,security,17,100.0,1.06,1.0,94.12,1.18,34.7
TF_Ablation_NoDenseRAG,syntax,32,96.88,2.77,2.0,31.25,3.56,65.3
TF_Ablation_NoGraphRAG,deploy,14,85.71,2.17,1.0,64.29,3.29,28.0
TF_Ablation_NoGraphRAG,security,11,100.0,1.0,1.0,100.0,1.45,22.0
TF_Ablation_NoGraphRAG,syntax,21,100.0,1.24,1.0,76.19,1.29,42.0
TF_Ablation_NoPlanner,deploy,10,90.0,1.33,1.0,80.0,2.1,20.0
TF_Ablation_NoPlanner,security,10,100.0,1.0,1.0,100.0,1.1,20.0
TF_Ablation_NoPlanner,syntax,11,100.0,1.09,1.0,90.91,1.36,22.0
TF_Ablation_OpenCodeRetriever,deploy,11,90.91,1.2,1.0,81.82,1.45,22.4
TF_Ablation_OpenCodeRetriever,security,11,100.0,1.0,1.0,100.0,1.09,22.4
TF_Ablation_OpenCodeRetriever,syntax,20,95.0,1.42,1.0,65.0,1.4,40.8
TF_Ablation_TrivyAllSeverities,deploy,13,92.31,1.25,1.0,84.62,1.77,26.0
TF_Ablation_TrivyAllSeverities,security,41,100.0,1.61,2.0,48.78,1.85,82.0
TF_Ablation_TrivyAllSeverities,syntax,30,100.0,1.57,1.0,66.67,1.73,60.0
TF_IaCEval_DSV4F_LintOnly,syntax,257,98.05,3.57,3.0,20.62,3.79,69.1
TF_RealAWS_DSV4F,deploy,84,96.43,2.91,2.0,34.52,2.89,33.6
TF_RealAWS_DSV4F,security,64,98.44,1.06,1.0,95.31,1.28,25.6
TF_RealAWS_DSV4F,syntax,99,100.0,1.89,1.0,55.56,2.06,39.6
TF_RealAWS_GLM53F,deploy,130,98.46,2.63,2.0,46.92,2.46,52.0
TF_RealAWS_GLM53F,security,54,100.0,1.13,1.0,88.89,1.19,21.6
TF_RealAWS_GLM53F,syntax,140,85.0,2.05,1.0,42.86,4.25,56.0
TF_RealAWS_Gemini38F,deploy,235,99.57,1.38,1.0,77.87,1.33,94.0
TF_RealAWS_Gemini38F,security,55,100.0,1.0,1.0,100.0,1.02,22.0
TF_RealAWS_Gemini38F,syntax,96,100.0,1.78,2.0,39.58,1.96,38.4
TF_RealAWS_OpenCode_DSV4F,deploy,13,92.31,2.08,2.0,38.46,2.08,20.3
TF_RealAWS_OpenCode_DSV4F,security,6,100.0,1.0,1.0,100.0,1.0,9.4
TF_RealAWS_OpenCode_DSV4F,syntax,9,100.0,1.22,1.0,88.89,1.22,14.1
TF_RealAWS_Opus55,deploy,4,100.0,3.0,1.5,50.0,1.25,4.3
TF_RealAWS_Opus55,security,12,100.0,1.0,1.0,100.0,1.0,13.0
TF_RealAWS_Opus55,syntax,15,100.0,3.67,2.0,40.0,4.13,16.3
