lang,turn type,turns,turns with >=1 error fixed %,new errors introduced/turn
CFN,context size: small (tokens 7-313),1207,69.76,0.31
CFN,context size: medium (tokens 314-695),1202,77.54,0.32
CFN,context size: large (tokens 696-8590),1204,79.4,0.5
CFN,context covers a failing resource type: False,360,81.67,0.19
CFN,context covers a failing resource type: True,2250,75.73,0.4
TF,context size: small (tokens 9-854),1245,71.97,0.26
TF,context size: medium (tokens 856-2552),1247,65.04,0.27
TF,context size: large (tokens 2557-14716),1244,58.28,0.37
TF,context covers a failing resource type: False,417,90.65,0.14
TF,context covers a failing resource type: True,505,80.0,0.41
