exp,turns_with_retrieval,ctx_tokens_median,ctx_tokens_mean,ctx_tokens_p90,queries/turn,ctx_share_of_run_tokens_median_%,ctx_covers_failing_type_%
CFN_Ablation_IaCGOD,114,465.5,803.0,1294.6000000000008,3.53,1.24,78.8
CFN_Ablation_NoDenseRAG,90,341.5,757.0,1176.4000000000017,4.24,0.84,80.8
CFN_Ablation_NoGraphRAG,59,144.0,238.0,577.0,4.29,0.36,76.9
CFN_Ablation_NoPlanner,68,558.5,802.0,1142.2000000000005,4.47,1.4,79.5
CFN_Ablation_NoQueryRewrite,94,423.0,837.0,1817.900000000002,1.84,1.0,79.2
CFN_Ablation_NoRemediator,84,577.0,1132.0,3324.900000000002,4.44,1.66,83.7
CFN_Ablation_TrivyAllSeverities,110,532.5,871.0,1401.700000000002,4.0,1.26,73.8
CFN_DPIaCEval_o3mini_DeployOnly,493,504.0,791.0,1988.4000000000037,1.87,2.57,91.4
CFN_RealAWS_DSV4F,764,469.5,805.0,1638.6000000000004,3.19,1.81,88.8
CFN_RealAWS_DSV4F_DeployOnly_L345,449,514.0,756.0,1513.1999999999998,3.86,1.42,96.1
CFN_RealAWS_GLM53F,878,482.0,786.0,1957.3000000000002,3.51,1.71,86.0
CFN_RealAWS_Gemini36F_L345,215,408.0,601.0,1122.0,1.67,1.91,74.9
CFN_RealAWS_Gemini38F,275,401.0,604.0,1221.5999999999997,2.51,1.64,77.4
CFN_RealAWS_Opus55,112,658.5,869.0,1493.1000000000001,6.46,5.13,97.6
TF_Ablation_IaCGOD,96,1678.5,2340.0,5789.5,2.82,4.68,26.3
TF_Ablation_NoDenseRAG,161,2766.0,3305.0,6453.0,4.57,4.0,27.6
TF_Ablation_NoGraphRAG,87,205.0,297.0,619.0,5.09,0.32,47.1
TF_Ablation_NoPlanner,46,1761.5,2639.0,5714.5,4.8,2.94,45.0
TF_Ablation_NoQueryRewrite,64,1481.5,2558.0,6308.4000000000015,1.52,3.39,53.1
TF_Ablation_NoRemediator,75,1597.0,2347.0,6272.200000000001,4.52,3.54,53.1
TF_Ablation_TrivyAllSeverities,150,854.0,1820.0,4740.3,3.09,2.88,18.3
TF_IaCEval_DSV4F_LintOnly,970,1949.0,2323.0,4461.0,1.49,8.25,
TF_RealAWS_DSV4F,525,1062.0,1818.0,4376.400000000001,3.02,2.78,68.2
TF_RealAWS_GLM53F,955,1347.0,2186.0,4651.6,2.17,4.41,72.5
TF_RealAWS_Gemini38F,556,1517.5,1889.0,4222.0,1.41,5.4,47.7
TF_RealAWS_Opus55,79,842.0,1052.0,1930.4000000000015,3.54,12.02,25.0
