exp,runs,mean_first,mean_last,mean_delta,grew_pct,shrank_pct,delta (no security issue),delta (security issue)
CFN_Ablation_IaCGOD,37,16.68,17.95,1.27,37.84,5.41,0.39,2.11
CFN_Ablation_NoDenseRAG,32,20.0,21.06,1.06,37.5,9.38,0.4,1.65
CFN_Ablation_NoGraphRAG,31,17.77,19.23,1.45,38.71,3.23,-0.18,3.43
CFN_Ablation_NoPlanner,27,18.96,19.96,1.0,25.93,0.0,0.07,2.17
CFN_Ablation_NoQueryRewrite,35,19.57,21.03,1.46,40.0,5.71,0.24,2.61
CFN_Ablation_NoRemediator,34,16.65,17.71,1.06,32.35,2.94,0.3,2.14
CFN_Ablation_OpenCodeRetriever,35,15.31,15.37,0.06,20.0,2.86,1.3,-2.33
CFN_Ablation_TrivyAllSeverities,39,17.41,20.31,2.9,71.79,5.13,-0.2,3.35
CFN_DPIaCEval_o3mini_DeployOnly,116,8.96,9.4,0.44,26.72,4.31,0.43,1.0
CFN_RealAWS_DSV4F,199,11.8,12.6,0.79,28.64,7.54,0.35,1.58
CFN_RealAWS_DSV4F_DeployOnly_L345,102,16.69,16.76,0.08,20.59,11.76,0.08,
CFN_RealAWS_GLM53F,202,11.32,12.3,0.99,31.68,9.41,0.58,1.92
CFN_RealAWS_Gemini36F_L345,93,14.84,15.51,0.67,17.2,0.0,0.04,1.43
CFN_RealAWS_Gemini38F,125,13.08,14.14,1.06,29.6,2.4,0.88,1.27
CFN_RealAWS_OpenCode_DSV4F,165,12.59,13.21,0.62,21.82,6.67,-0.04,1.95
CFN_RealAWS_Opus55,108,14.63,16.31,1.68,49.07,4.63,0.04,2.93
TF_Ablation_IaCGOD,34,16.15,17.12,0.97,29.41,5.88,1.86,-0.46
TF_Ablation_NoDenseRAG,36,19.58,20.42,0.83,16.67,5.56,-0.05,1.82
TF_Ablation_NoGraphRAG,30,16.53,17.1,0.57,13.33,3.33,0.0,1.55
TF_Ablation_NoPlanner,23,13.35,14.0,0.65,17.39,4.35,0.15,1.3
TF_Ablation_NoQueryRewrite,30,18.07,18.87,0.8,33.33,3.33,0.47,1.13
TF_Ablation_NoRemediator,33,18.12,18.55,0.42,15.15,3.03,0.19,0.83
TF_Ablation_OpenCodeRetriever,29,16.45,18.0,1.55,17.24,10.34,0.06,4.0
TF_Ablation_TrivyAllSeverities,46,19.3,25.67,6.37,82.61,0.0,0.4,7.1
TF_IaCEval_DSV4F_LintOnly,257,9.57,9.64,0.07,5.45,5.45,0.07,
TF_RealAWS_DSV4F,149,14.83,15.64,0.81,28.19,10.07,0.33,1.44
TF_RealAWS_GLM53F,202,12.27,12.87,0.6,22.77,3.96,0.19,1.72
TF_RealAWS_Gemini38F,246,11.63,11.88,0.26,8.13,1.63,0.06,0.95
TF_RealAWS_OpenCode_DSV4F,116,12.93,13.91,0.97,30.17,5.17,0.22,2.2
TF_RealAWS_Opus55,68,15.62,16.62,1.0,36.76,0.0,0.61,1.32
