exp,scenarios,required/scen,generated/scen,extra/scen,missing/scen,over_ratio_mean,scenarios_with_extra_%,extra_share_%,coverage_%,accuracy_%
CFN_Ablation_IaCGOD,50,13.78,16.38,4.38,1.78,1.26,64.0,26.74,85.96,78.43
CFN_Ablation_NoDenseRAG,50,13.78,16.6,4.6,1.78,1.27,62.0,27.71,86.33,77.92
CFN_Ablation_NoGraphRAG,50,13.78,17.34,5.1,1.54,1.3,66.0,29.41,86.64,76.53
CFN_Ablation_NoPlanner,50,13.78,15.86,3.74,1.66,1.16,60.0,23.58,87.17,81.03
CFN_Ablation_OpenCodeRetriever,50,13.78,14.88,2.88,1.78,1.14,54.0,19.35,84.77,83.13
CFN_Ablation_TrivyAllSeverities,50,13.78,17.94,5.68,1.52,1.53,74.0,31.66,87.8,73.07
CFN_DPIaCEval_o3mini_DeployOnly,153,7.08,7.99,2.08,1.17,1.5,56.86,26.02,87.54,79.03
CFN_RealAWS_DSV4F,250,10.46,11.5,2.48,1.43,1.27,50.8,21.53,86.37,81.06
CFN_RealAWS_DSV4F_DeployOnly_L345,134,14.97,16.4,3.54,2.12,1.12,60.45,21.62,83.72,82.07
CFN_RealAWS_GLM53F,250,10.46,11.6,2.46,1.32,1.27,55.2,21.21,85.4,79.28
CFN_RealAWS_Gemini36F_L345,137,14.82,14.79,2.04,2.07,1.03,53.28,13.82,84.25,86.47
CFN_RealAWS_Gemini38F,250,10.46,11.05,1.98,1.38,1.18,47.6,17.89,87.2,84.22
CFN_RealAWS_OpenCode_DSV4F,250,10.46,11.22,2.24,1.48,1.19,48.4,19.94,86.07,83.83
CFN_RealAWS_Opus55,74,3.81,6.47,3.23,0.57,2.13,63.51,49.9,88.02,66.13
TF_Ablation_IaCGOD,50,13.22,15.96,5.04,2.3,1.36,60.0,31.58,84.56,75.97
TF_Ablation_NoDenseRAG,49,13.1,18.2,7.1,2.0,1.66,73.47,39.01,86.27,71.33
TF_Ablation_NoGraphRAG,50,13.22,18.12,6.72,1.82,1.61,68.0,37.09,87.14,71.93
TF_Ablation_NoPlanner,50,13.22,15.42,4.16,1.96,1.38,54.0,26.98,86.83,81.07
TF_Ablation_OpenCodeRetriever,50,13.22,16.32,4.92,1.82,1.3,62.0,30.15,85.8,78.11
TF_Ablation_TrivyAllSeverities,50,13.22,24.24,12.78,1.76,2.4,86.0,52.72,88.32,56.14
TF_IaCEval_DSV4F_LintOnly,372,4.73,9.66,6.0,1.06,2.67,81.45,62.06,86.01,49.11
TF_RealAWS_DSV4F,250,10.67,12.41,3.78,2.04,1.61,62.8,30.45,87.51,76.43
TF_RealAWS_GLM53F,250,10.67,12.02,3.24,1.9,1.33,62.0,27.0,88.02,79.82
TF_RealAWS_Gemini38F,250,10.67,11.84,2.81,1.64,1.31,51.6,23.75,90.13,82.75
TF_RealAWS_OpenCode_DSV4F,64,4.02,5.09,1.27,0.19,1.36,40.62,24.85,96.27,85.09
TF_RealAWS_Opus55,92,6.65,9.55,3.48,0.58,1.7,57.61,36.41,94.4,76.07
