lang,scope,turn_k,open_censored,open_naive,resolved,hazard_censored,hazard_naive,ci95_lo,ci95_hi
CFN,DeepSeek,1,116,116,42,0.3620689655172414,0.3620689655172414,0.2803300988879438,0.4526507691912541
CFN,DeepSeek,2,74,74,22,0.2972972972972973,0.2972972972972973,0.20527071065162364,0.40933125025359923
CFN,DeepSeek,3,52,52,11,0.21153846153846154,0.21153846153846154,0.12244245849448493,0.34032365135910086
CFN,DeepSeek,4,41,41,7,0.17073170731707318,0.17073170731707318,0.08525143995273898,0.31262909954629764
CFN,DeepSeek,5,34,34,3,0.08823529411764706,0.08823529411764706,0.030465390304310145,0.2296081795236041
CFN,DeepSeek,6,31,31,7,0.22580645161290322,0.22580645161290322,0.113949915944988,0.3981276005869738
CFN,DeepSeek,7,24,24,3,0.125,0.125,0.043442550393155845,0.3100428814785757
CFN,DeepSeek,8,21,21,4,0.19047619047619047,0.19047619047619047,0.07667440615177303,0.40000986539273287
CFN,GLM,1,117,117,35,0.29914529914529914,0.29914529914529914,0.22364123768326574,0.38741985386136785
CFN,GLM,2,82,82,24,0.2926829268292683,0.2926829268292683,0.20526199890885147,0.3986596428126448
CFN,GLM,3,58,58,12,0.20689655172413793,0.20689655172413793,0.12251364354883215,0.3276946304932366
CFN,GLM,4,46,46,4,0.08695652173913043,0.08695652173913043,0.03433531187670748,0.20324935635224176
CFN,GLM,5,42,42,5,0.11904761904761904,0.11904761904761904,0.05193726765019085,0.2500068180710754
CFN,GLM,6,37,37,3,0.08108108108108109,0.08108108108108109,0.02796006639632139,0.2130099249850153
CFN,GLM,7,34,34,2,0.058823529411764705,0.058823529411764705,0.01628231306384244,0.1909393688946371
CFN,GLM,8,32,32,4,0.125,0.125,0.049700538444743,0.28068649784827965
CFN,Gemini,1,65,65,37,0.5692307692307692,0.5692307692307692,0.44832757984982086,0.6824073246265422
CFN,Gemini,2,28,28,16,0.5714285714285714,0.5714285714285714,0.390704789856154,0.7349170381926877
CFN,Gemini,3,12,12,2,0.16666666666666666,0.16666666666666666,0.046964147614822246,0.44803635738467273
CFN,Gemini,4,10,10,1,0.1,0.1,0.01787574951572113,0.4041563854975721
CFN,Gemini,5,9,9,0,0.0,0.0,0.0,0.2991527535509594
CFN,Gemini,6,9,9,1,0.1111111111111111,0.1111111111111111,0.019890371327130518,0.4350062147680602
CFN,Gemini,7,8,8,4,0.5,0.5,0.2152125268244419,0.7847874731755581
CFN,Gemini,8,4,4,0,0.0,0.0,0.0,0.48990002040399916
CFN,pooled (3 models),1,298,298,114,0.3825503355704698,0.3825503355704698,0.32919560829614025,0.43889467481924216
CFN,pooled (3 models),2,184,184,62,0.33695652173913043,0.33695652173913043,0.2726132234184681,0.4079687137030215
CFN,pooled (3 models),3,122,122,25,0.20491803278688525,0.20491803278688525,0.14282861339624775,0.2850235436011204
CFN,pooled (3 models),4,97,97,12,0.12371134020618557,0.12371134020618557,0.07220328986970113,0.20388911643880644
CFN,pooled (3 models),5,85,85,8,0.09411764705882353,0.09411764705882353,0.04846448154841264,0.17487233363726615
CFN,pooled (3 models),6,77,77,11,0.14285714285714285,0.14285714285714285,0.08168247823927464,0.2379747279515974
CFN,pooled (3 models),7,66,66,9,0.13636363636363635,0.13636363636363635,0.07343237343346892,0.23929814820406514
CFN,pooled (3 models),8,57,57,8,0.14035087719298245,0.14035087719298245,0.07287189227128286,0.25324707895892806
TF,DeepSeek,1,84,84,29,0.34523809523809523,0.34523809523809523,0.2523486284686916,0.4516640488960193
TF,DeepSeek,2,55,55,20,0.36363636363636365,0.36363636363636365,0.24930349342940838,0.4957748185131629
TF,DeepSeek,3,35,35,11,0.3142857142857143,0.3142857142857143,0.18550658059782457,0.47980071879251973
TF,DeepSeek,4,24,24,7,0.2916666666666667,0.2916666666666667,0.14914460334164278,0.49168063658709704
TF,DeepSeek,5,17,17,2,0.11764705882352941,0.11764705882352941,0.03287908001292091,0.3433684249770991
TF,DeepSeek,6,15,15,2,0.13333333333333333,0.13333333333333333,0.037360469891359285,0.3788249920651624
TF,DeepSeek,7,13,13,3,0.23076923076923078,0.23076923076923078,0.08179379092465712,0.5025687399512693
TF,DeepSeek,8,10,10,3,0.3,0.3,0.10778928748621182,0.6032267800204347
TF,GLM,1,130,130,61,0.46923076923076923,0.46923076923076923,0.3855606741189829,0.5546671773113645
TF,GLM,2,69,69,30,0.43478260869565216,0.43478260869565216,0.3243261617876528,0.5521180678833044
TF,GLM,3,39,39,13,0.3333333333333333,0.3333333333333333,0.2063276610691516,0.4902289567975947
TF,GLM,4,26,26,4,0.15384615384615385,0.15384615384615385,0.061499339989294764,0.3353158441831357
TF,GLM,5,22,22,2,0.09090909090909091,0.09090909090909091,0.025294896282837778,0.2781538065838578
TF,GLM,6,20,20,5,0.25,0.25,0.11186005278940306,0.4687050099580635
TF,GLM,7,15,15,1,0.06666666666666667,0.06666666666666667,0.011866588606194859,0.29817077552423993
TF,GLM,8,14,14,4,0.2857142857142857,0.2857142857142857,0.11721187910109102,0.546495411724844
TF,Gemini,1,235,235,183,0.7787234042553192,0.7787234042553192,0.7214043967648863,0.8270762699196443
TF,Gemini,2,52,52,29,0.5576923076923077,0.5576923076923077,0.4233952499151638,0.6840515281141191
TF,Gemini,3,23,23,14,0.6086956521739131,0.6086956521739131,0.40785179603745997,0.7784262201761787
TF,Gemini,4,9,9,4,0.4444444444444444,0.4444444444444444,0.188775429471914,0.7333526542559703
TF,Gemini,5,5,5,2,0.4,0.4,0.11761823115925325,0.769280067791163
TF,Gemini,6,3,3,1,0.3333333333333333,0.3333333333333333,0.061490315276160515,0.7923450448735121
TF,Gemini,7,2,2,1,0.5,0.5,0.09452865480086611,0.905471345199134
TF,Gemini,8,1,1,0,0.0,0.0,0.0,0.7934567085261071
TF,pooled (3 models),1,449,449,273,0.6080178173719376,0.6080178173719376,0.5621271695533209,0.6520757658660399
TF,pooled (3 models),2,176,176,79,0.44886363636363635,0.44886363636363635,0.3772538936604555,0.5226580288313372
TF,pooled (3 models),3,97,97,38,0.3917525773195876,0.3917525773195876,0.3005113767877911,0.49124123324616303
TF,pooled (3 models),4,59,59,15,0.2542372881355932,0.2542372881355932,0.1605583829520582,0.3779638698231735
TF,pooled (3 models),5,44,44,6,0.13636363636363635,0.13636363636363635,0.06402867407860051,0.2670973752174096
TF,pooled (3 models),6,38,38,8,0.21052631578947367,0.21052631578947367,0.11074660352095932,0.3634608837644217
TF,pooled (3 models),7,30,30,5,0.16666666666666666,0.16666666666666666,0.07336434240351682,0.3356470518568018
TF,pooled (3 models),8,25,25,7,0.28,0.28,0.14283673837381572,0.47576971896558296
