exp,rows,invalid,pass_% (all rows),pass_% (invalid excluded)
CFN_Ablation_IaCGOD,50.0,0.0,98.0,98.0
CFN_Ablation_NoDenseRAG,50.0,0.0,98.0,98.0
CFN_Ablation_NoGraphRAG,50.0,0.0,100.0,100.0
CFN_Ablation_NoPlanner,50.0,1.0,96.0,98.0
CFN_Ablation_OpenCodeRetriever,50.0,1.0,94.0,95.9
CFN_Ablation_TrivyAllSeverities,50.0,0.0,98.0,98.0
CFN_DPIaCEval_o3mini_DeployOnly,153.0,2.0,90.2,91.4
CFN_RealAWS_DSV4F,250.0,3.0,95.6,96.8
CFN_RealAWS_DSV4F_DeployOnly_L345,134.0,2.0,92.5,93.9
CFN_RealAWS_GLM53F,250.0,3.0,91.2,92.3
CFN_RealAWS_Gemini36F_L345,137.0,0.0,99.3,99.3
CFN_RealAWS_Gemini38F,250.0,0.0,99.2,99.2
CFN_RealAWS_OpenCode_DSV4F,250.0,2.0,91.2,91.9
CFN_RealAWS_Opus55,74.0,0.0,100.0,100.0
TF_Ablation_IaCGOD,50.0,0.0,100.0,100.0
TF_Ablation_NoDenseRAG,49.0,2.0,95.9,100.0
TF_Ablation_NoGraphRAG,50.0,2.0,96.0,100.0
TF_Ablation_NoPlanner,50.0,0.0,98.0,98.0
TF_Ablation_OpenCodeRetriever,50.0,1.0,94.0,95.9
TF_Ablation_TrivyAllSeverities,50.0,0.0,98.0,98.0
TF_IaCEval_DSV4F_LintOnly,372.0,5.0,98.7,100.0
TF_RealAWS_DSV4F,250.0,0.0,98.4,98.4
TF_RealAWS_GLM53F,250.0,22.0,90.4,99.1
TF_RealAWS_Gemini38F,250.0,1.0,99.6,100.0
TF_RealAWS_OpenCode_DSV4F,64.0,0.0,100.0,100.0
TF_RealAWS_Opus55,92.0,0.0,100.0,100.0
