lang,condition,first_fail,repaired,repaired_pct,repair_turns_mean,repair_turns_median,resolved in 1 turn %,resolved in <=3 turns %,p_vs_IaCGOD_unpaired,paired_scenarios,paired_turns_IaCGOD,paired_turns_cond,p_paired
CFN,IaCGOD,37,36,97.297,2.778,2.0,37.838,81.081,,36,2.778,2.778,
CFN,no dense RAG,32,31,96.875,2.452,2.0,28.125,84.375,0.633,27,2.889,2.556,0.957
CFN,OpenCode+Retriever,37,34,91.892,2.529,2.0,29.73,78.378,0.608,28,2.964,2.679,0.664
CFN,no GraphRAG,31,31,100.0,1.903,1.0,61.29,90.323,0.044,23,3.043,2.043,0.026
CFN,no Planner,27,25,92.593,1.6,1.0,62.963,88.889,0.017,23,3.522,1.652,0.002
CFN,Trivy all severities,39,38,97.436,2.526,2.0,28.205,82.051,0.497,30,3.033,2.567,0.758
CFN,no Remediator,35,33,94.286,1.697,1.0,60.0,88.571,0.056,30,2.767,1.767,0.051
CFN,no query rewrite,36,35,97.222,2.286,2.0,47.222,80.556,0.398,31,3.065,2.323,0.137
TF,IaCGOD,35,35,100.0,2.743,2.0,40.0,77.143,,35,2.743,2.743,
TF,no dense RAG,36,34,94.444,3.912,3.0,25.0,55.556,0.05,26,2.654,3.885,0.106
TF,OpenCode+Retriever,32,29,90.625,1.655,1.0,59.375,84.375,0.041,24,2.75,1.792,0.146
TF,no GraphRAG,30,28,93.333,2.107,1.5,46.667,83.333,0.264,24,2.792,1.833,0.158
TF,no Planner,23,22,95.652,1.455,1.0,73.913,91.304,0.008,19,2.895,1.526,0.022
TF,Trivy all severities,46,45,97.826,3.022,2.0,17.391,73.913,0.115,33,2.424,2.818,0.322
TF,no Remediator,33,32,96.97,1.906,1.5,48.485,90.909,0.204,26,2.846,1.654,0.02
TF,no query rewrite,30,29,96.667,1.724,2.0,46.667,93.333,0.199,24,2.75,1.833,0.139
