lang,cls,turn_k,at_risk,resolved,hazard
CFN,syntax,1,104,92,0.8846153846153846
CFN,syntax,2,12,8,0.6666666666666666
CFN,syntax,3,4,3,0.75
CFN,syntax,4,1,1,1.0
CFN,syntax,5,0,0,
CFN,syntax,6,0,0,
CFN,syntax,7,0,0,
CFN,syntax,8,0,0,
CFN,schema,1,370,269,0.727027027027027
CFN,schema,2,101,76,0.7524752475247525
CFN,schema,3,25,14,0.56
CFN,schema,4,11,5,0.45454545454545453
CFN,schema,5,6,1,0.16666666666666666
CFN,schema,6,5,0,0.0
CFN,schema,7,5,1,0.2
CFN,schema,8,4,1,0.25
CFN,security,1,191,178,0.9319371727748691
CFN,security,2,13,11,0.8461538461538461
CFN,security,3,2,2,1.0
CFN,security,4,0,0,
CFN,security,5,0,0,
CFN,security,6,0,0,
CFN,security,7,0,0,
CFN,security,8,0,0,
CFN,deploy,1,298,114,0.3825503355704698
CFN,deploy,2,184,62,0.33695652173913043
CFN,deploy,3,122,25,0.20491803278688525
CFN,deploy,4,97,12,0.12371134020618557
CFN,deploy,5,85,8,0.09411764705882353
CFN,deploy,6,77,11,0.14285714285714285
CFN,deploy,7,66,9,0.13636363636363635
CFN,deploy,8,57,8,0.14035087719298245
TF,syntax,1,335,153,0.45671641791044776
TF,syntax,2,182,100,0.5494505494505495
TF,syntax,3,82,36,0.43902439024390244
TF,syntax,4,46,11,0.2391304347826087
TF,syntax,5,35,6,0.17142857142857143
TF,syntax,6,29,2,0.06896551724137931
TF,syntax,7,27,0,0.0
TF,syntax,8,27,3,0.1111111111111111
TF,schema,1,0,0,
TF,schema,2,0,0,
TF,schema,3,0,0,
TF,schema,4,0,0,
TF,schema,5,0,0,
TF,schema,6,0,0,
TF,schema,7,0,0,
TF,schema,8,0,0,
TF,security,1,173,164,0.9479768786127167
TF,security,2,9,6,0.6666666666666666
TF,security,3,3,1,0.3333333333333333
TF,security,4,2,1,0.5
TF,security,5,1,0,0.0
TF,security,6,1,0,0.0
TF,security,7,1,0,0.0
TF,security,8,1,0,0.0
TF,deploy,1,449,273,0.6080178173719376
TF,deploy,2,176,79,0.44886363636363635
TF,deploy,3,97,38,0.3917525773195876
TF,deploy,4,59,15,0.2542372881355932
TF,deploy,5,44,6,0.13636363636363635
TF,deploy,6,38,8,0.21052631578947367
TF,deploy,7,30,5,0.16666666666666666
TF,deploy,8,25,7,0.28
