,n,passed,pass_pct,iters_mean,iters_med,ktok,calls,dur,failed,failed_at_cap,tok_fail,tok_pass,tok_share_fail,pol,clean,crit,high,med,low,cov,acc
CFN_RealAWS_DSV4F,250.0,239.0,95.6,3.55,3.0,167.0,10.8,24.7,11.0,11.0,1007.0,128.0,26.6,95.3,40.0,100.0,99.9,95.7,81.7,86.4,81.1
CFN_RealAWS_GLM53F,250.0,228.0,91.2,3.5,2.0,195.0,12.2,23.9,22.0,22.0,946.0,122.0,42.7,95.7,40.8,100.0,99.5,96.7,82.7,85.4,79.3
CFN_RealAWS_Gemini38F,250.0,248.0,99.2,2.0,2.0,66.0,5.1,12.6,2.0,2.0,1387.0,55.0,16.8,96.1,42.0,100.0,99.7,97.0,84.6,87.2,84.2
CFN_RealAWS_Opus55,250.0,247.0,98.8,1.57,1.0,19.0,3.9,7.0,3.0,3.0,179.0,17.0,11.2,95.8,41.9,99.8,100.0,97.5,81.7,89.6,78.9
CFN_RealAWS_OpenCode_DSV4F,250.0,228.0,91.2,2.77,2.0,42.0,13.5,14.5,22.0,7.0,129.0,33.0,27.2,96.2,44.8,100.0,99.7,96.7,85.5,86.3,84.7
CFN_RealAWS_Gemini36F_L345,137.0,136.0,99.3,2.48,2.0,48.0,6.4,10.1,1.0,1.0,642.0,44.0,9.7,96.0,46.0,100.0,99.5,96.4,85.7,84.3,86.5
CFN_RealAWS_DSV4F_DeployOnly_L345,134.0,124.0,92.5,3.49,2.0,254.0,12.1,41.5,10.0,10.0,1549.0,150.0,45.5,91.3,28.4,92.6,89.0,95.2,72.2,83.7,82.1
CFN_DPIaCEval_o3mini_DeployOnly,153.0,138.0,90.2,3.05,2.0,124.0,11.7,31.1,15.0,15.0,736.0,58.0,58.1,87.8,13.1,90.4,80.5,94.0,76.2,87.5,79.0
TF_RealAWS_DSV4F,250.0,246.0,98.4,2.91,2.0,141.0,8.0,16.7,4.0,4.0,1768.0,115.0,20.0,94.1,31.2,99.4,100.0,92.5,76.7,87.5,76.4
TF_RealAWS_GLM53F,250.0,226.0,90.4,3.74,3.0,264.0,13.2,15.0,24.0,24.0,1163.0,169.0,42.2,94.7,33.2,99.5,99.6,92.2,82.3,88.0,79.8
TF_RealAWS_Gemini38F,250.0,249.0,99.6,3.18,3.0,115.0,8.4,11.9,1.0,1.0,3543.0,101.0,12.3,94.8,32.4,100.0,100.0,92.4,82.8,90.1,82.8
TF_RealAWS_Opus55,250.0,250.0,100.0,1.42,1.0,13.0,3.1,6.5,0.0,0.0,,13.0,0.0,95.4,35.6,100.0,100.0,94.6,84.1,89.8,76.8
TF_RealAWS_OpenCode_DSV4F,250.0,242.0,96.8,2.13,1.0,25.0,11.0,7.9,8.0,8.0,218.0,18.0,28.1,94.4,33.6,100.0,99.5,92.4,80.0,85.9,83.1
TF_IaCEval_DSV4F_LintOnly,372.0,367.0,98.7,3.45,3.0,103.0,9.8,7.2,5.0,5.0,1021.0,90.0,13.3,88.0,18.8,83.1,88.4,90.1,68.7,86.0,49.1
CFN_Ablation_IaCGOD,50.0,49.0,98.0,3.04,2.0,180.0,8.2,9.3,1.0,1.0,2612.0,130.0,29.1,95.2,32.0,100.0,99.8,95.8,80.3,86.0,78.4
CFN_Ablation_NoDenseRAG,50.0,49.0,98.0,2.55,2.0,174.0,6.8,4.0,1.0,1.0,2792.0,120.0,32.1,95.9,36.0,100.0,99.8,97.0,82.7,86.3,77.9
CFN_Ablation_OpenCodeRetriever,50.0,47.0,94.0,2.83,2.0,64.0,17.7,5.0,3.0,2.0,128.0,60.0,11.9,96.0,36.0,100.0,99.8,97.0,83.0,84.8,83.1
CFN_Ablation_NoGraphRAG,50.0,50.0,100.0,2.18,2.0,102.0,5.3,2.5,0.0,0.0,,102.0,0.0,95.4,38.0,100.0,100.0,96.9,78.0,86.6,76.5
CFN_Ablation_NoPlanner,50.0,48.0,96.0,1.83,2.0,128.0,4.7,2.6,2.0,2.0,1828.0,57.0,57.2,96.2,40.0,100.0,99.8,97.3,82.6,87.2,81.0
CFN_Ablation_TrivyAllSeverities,50.0,49.0,98.0,2.96,3.0,208.0,7.6,3.9,1.0,1.0,2955.0,152.0,28.4,100.0,98.0,100.0,99.8,100.0,100.0,87.8,73.1
CFN_Ablation_NoRemediator,50.0,48.0,96.0,2.17,2.0,113.0,4.9,3.2,2.0,2.0,1484.0,56.0,52.5,95.8,36.0,100.0,99.8,96.6,83.4,87.1,78.8
CFN_Ablation_NoQueryRewrite,50.0,49.0,98.0,2.63,2.0,172.0,5.8,3.7,1.0,1.0,2514.0,125.0,29.2,96.3,36.0,100.0,100.0,96.9,85.6,84.3,73.9
TF_Ablation_IaCGOD,50.0,50.0,100.0,2.92,2.0,108.0,7.5,10.1,0.0,0.0,,108.0,0.0,91.7,20.0,100.0,100.0,88.0,67.9,84.6,76.0
TF_Ablation_NoDenseRAG,49.0,47.0,95.9,3.83,3.0,285.0,11.4,6.0,2.0,2.0,1844.0,219.0,26.4,93.1,20.4,100.0,99.8,92.6,73.8,86.3,71.3
TF_Ablation_OpenCodeRetriever,50.0,47.0,94.0,2.02,2.0,74.0,13.7,8.8,3.0,0.0,113.0,71.0,9.2,91.5,24.0,100.0,100.0,86.8,66.3,85.8,78.1
TF_Ablation_NoGraphRAG,50.0,48.0,96.0,2.23,2.0,168.0,6.9,16.9,2.0,2.0,2436.0,74.0,58.0,93.2,22.0,100.0,100.0,88.5,75.3,87.1,71.9
TF_Ablation_NoPlanner,50.0,49.0,98.0,1.65,1.0,76.0,3.5,6.7,1.0,1.0,2057.0,36.0,54.1,93.6,28.0,100.0,100.0,88.5,76.6,86.8,81.1
TF_Ablation_TrivyAllSeverities,50.0,49.0,98.0,3.78,3.0,203.0,9.5,5.7,1.0,1.0,2048.0,166.0,20.1,100.0,100.0,100.0,100.0,100.0,100.0,88.3,56.1
TF_Ablation_NoRemediator,50.0,49.0,98.0,2.24,2.0,78.0,4.7,7.6,1.0,1.0,1124.0,56.0,29.0,93.3,24.0,100.0,100.0,88.2,75.4,90.1,77.2
TF_Ablation_NoQueryRewrite,50.0,49.0,98.0,2.02,2.0,100.0,4.6,7.5,1.0,1.0,2115.0,58.0,42.5,92.7,22.0,100.0,100.0,87.2,74.2,84.9,68.0
